Nomor Kontrak,Kategori,Uraian Pekerjaan,Unit,Harga Satuan,Update Terakhir
7207250142,MONTHLY BASIS,"Jasa Sewa Alat Berat Monthly Basis (Include Operator, Rigger, Helper, BBM & Sertifikasi), Truck Mounted Crane (TMC) Capacity 8 T",Month,131224000,2026-09-10 11:51:00
7207250142,MONTHLY BASIS,"Jasa Sewa Alat Berat Monthly Basis (Include Operator, Rigger, Helper, BBM & Sertifikasi), Man Lift Capacity 227 Kg",Month,62818000,2026-09-10 11:51:00
7207250142,MONTHLY BASIS,"Jasa Sewa Alat Berat Monthly Basis (Include Operator, Rigger, Helper, BBM & Sertifikasi), Mobile Crane Capacity 80 T",Month,189241000,2026-09-10 11:51:00
7207250142,MONTHLY BASIS,"Jasa Sewa Alat Berat Monthly Basis (Include Operator, Rigger, Helper, BBM & Sertifikasi), Backhoe Loader 70 - 100 HP",Month,75538000,2026-09-10 11:51:00
7207250142,MONTHLY BASIS,"Jasa Sewa Alat Berat Monthly Basis (Include Operator, Rigger, Helper, BBM & Sertifikasi), Vacuum Truck 10.000 L",Month,78225000,2026-09-10 11:51:00
7207250142,ON-CALL BASIS,"Jasa Sewa Alat Berat On Call Basis (Include Operator, Rigger, Helper, BBM & Sertifikasi), Dump Truck 4 Ton min 120PS",Day,1936000,2026-09-10 11:51:00
7207250142,ON-CALL BASIS,"Jasa Sewa Alat Berat On Call Basis (Include Operator, Rigger, Helper, BBM & Sertifikasi), Excavator 130-150 HP",Day,4746000,2026-09-10 11:51:00
7207250142,ON-CALL BASIS,"Jasa Sewa Alat Berat On Call Basis (Include Operator, Rigger, Helper, BBM & Sertifikasi), Motor Grader 100 - 200 HP",Day,5340000,2026-09-10 11:51:00
7207250142,ON-CALL BASIS,"Jasa Sewa Alat Berat On Call Basis (Include Operator, Rigger, Helper, BBM & Sertifikasi), Single Drum Compactor 10 Ton",Day,4231000,2026-09-10 11:51:00
7207250142,ON-CALL BASIS,"Jasa Sewa Alat Berat On Call Basis (Include Operator, Rigger, Helper, BBM & Sertifikasi), Tank Truck 5000 L",Day,2215000,2026-09-10 11:51:00
7207250142,ON-CALL BASIS,"Jasa Sewa Alat Berat On Call Basis (Include Operator, Rigger, Helper, BBM & Sertifikasi), Additional Mobile Crane Capacity 80T (On Call)",Month,210000000,2026-09-10 11:51:00
7207250142,ON-CALL BASIS,"Jasa Sewa Alat Berat On Call Basis (Include Operator, Rigger, Helper, BBM & Sertifikasi), Mobile Crane Capacity 100T (On Call)",Month,350000000,2026-09-10 11:51:00
7207250142,ON-CALL BASIS,"Jasa Sewa Alat Berat On Call Basis (Include Operator, Rigger, Helper, BBM & Sertifikasi), Telehandler Capacity 5T (On Call)",Month,80000000,2026-09-10 11:51:00
7207250142,ON-CALL BASIS,"Jasa Sewa Alat Berat On Call Basis (Include Operator, Rigger, Helper, BBM & Sertifikasi), Telehandler Capacity 3T (On Call)",Month,75000000,2026-09-10 11:51:00
7207250142,ON-CALL BASIS,"Jasa Sewa Alat Berat On Call Basis (Include Operator, Rigger, Helper, BBM & Sertifikasi), Telehandler Capacity 3T (On Call)",Month,75000000,2026-09-10 11:51:00
7207250142,JASA MOBILISASI,"Jasa Mob - Demob (Per Unit), Mobilisasi Semua Alat Berat Dari Luar Luwuk ke Luwuk (Monthly Basis)",Ls,400000000,2026-09-10 11:51:00
7207250142,JASA MOBILISASI,"Jasa Mob - Demob (Per Unit), Mobilisasi & Demobilisasi Alat Berat Crane dan Telehandler Dari Luar Luwuk ke Luwuk (On Call Basis)",Ls,300000000,2026-09-10 11:51:00
7207250142,JASA MOBILISASI,"Jasa Mob - Demob (Per Unit), Mobilisasi Untuk Alat Berat Diluar TMC, Vacuum Truck, Dump Truck & Tank Truck Dari Luwuk ke Senoro (Monthly dan On Call Basis) (Tronton/Trailer)",Trip,7500000,2026-09-10 11:51:00
7207250142,JASA MOBILISASI,"Jasa Mob - Demob (Per Unit), Demobilisasi Untuk Alat Berat Diluar TMC, Vacuum Truck, Dump Truck & Tank Truck Dari Luwuk ke Senoro (Monthly dan On Call Basis) (Tronton/Trailer)",Trip,7500000,2026-09-10 11:51:00
7207250142,JASA MOBILISASI,"Jasa Mob -- Demob (Per Unit), Mobilisasi dan Demobilisasi Alat berat Antar Lokasi Area Senoro Dengan Tronton / Trailer / Low Bed (Monthly dan On Call Basis)",Trip,8500000,2026-09-10 11:51:00
7203250036,MONTHLY BASIS,Daily Rate,Day,1197000,2026-09-10 11:51:00
7203250036,MONTHLY BASIS,Standby Rate,Ls,598500,2026-09-10 11:51:00
7201250141,SAFETY EQUIPMENT,PPE - Safety rubber boot,Ea,500000,2026-09-10 11:51:00
7201250141,SAFETY EQUIPMENT,PPE - Safety boot,Ea,850000,2026-09-10 11:51:00
7201250141,SAFETY EQUIPMENT,PPE - Safety helmet,Ea,500000,2026-09-10 11:51:00
7201250141,SAFETY EQUIPMENT,"PPE - Safety helmet, white, full brim",Ea,750000,2026-09-10 11:51:00
7201250141,SAFETY EQUIPMENT,PPE - Safety glasses,Ea,200000,2026-09-10 11:51:00
7201250141,SAFETY EQUIPMENT,PPE - PVC Cotton hand glove,Ea,100000,2026-09-10 11:51:00
7201250141,SAFETY EQUIPMENT,PPE - PVC Dotted Hand Gloves,Ea,150000,2026-09-10 11:51:00
7201250141,SAFETY EQUIPMENT,"Ear Plug, Reusable",Ea,15000,2026-09-10 11:51:00
7201250141,SAFETY EQUIPMENT,"Ear Plug, Corded Reusable",Ea,50000,2026-09-10 11:51:00
7201250141,SAFETY EQUIPMENT,EAR MUFF NRR 30 Db,Ea,250000,2026-09-10 11:51:00
7201250141,SAFETY EQUIPMENT,masker Full face respiratory with double cartridge,Ea,3000000,2026-09-10 11:51:00
7201250141,SAFETY EQUIPMENT,"Safety mask, half face respiratory with single cartridge",Ea,600000,2026-09-10 11:51:00
7201250141,SAFETY EQUIPMENT,masker Dust,Ea,260000,2026-09-10 11:51:00
7201250141,SAFETY EQUIPMENT,"""Stored pressure dry chemical fire extinguisher
6kg weight """,Ea,3500000,2026-09-10 11:51:00
7201250141,SAFETY EQUIPMENT,"Wheeled type dry chemical fire extinguisher, 50kg weight",Ea,30000000,2026-09-10 11:51:00
7201250141,SAFETY EQUIPMENT,"Carbon Dioxide fire extinguisher,23kg",Ea,25000000,2026-09-10 11:51:00
7201250141,SAFETY EQUIPMENT,"Mechanical foam fire extinguisher, 30ltr",Ea,25000000,2026-09-10 11:51:00
7201250141,SAFETY EQUIPMENT,"First Aid kit, to cover 50 personnel",Ea,5000000,2026-09-10 11:51:00
7201250141,SAFETY EQUIPMENT,Chemical retardant coats (chemical protective clothing),Ea,6750000,2026-09-10 11:51:00
7201250141,SAFETY EQUIPMENT,"Fire suits, waterproof",Ea,2500000,2026-09-10 11:51:00
7201250141,SAFETY EQUIPMENT,5lb brass hammer,Ea,3250000,2026-09-10 11:51:00
7201250141,SAFETY EQUIPMENT,"Safety/Hazard Signs ukuran 40x60 cm2,",Ea,2500000,2026-09-10 11:51:00
7201250141,SAFETY EQUIPMENT,"Barricade Tape/ police line 3"" panjang @300m",Ea,250000,2026-09-10 11:51:00
7201250141,SAFETY EQUIPMENT,"Megaphone Handheld c/w sirene, external microphone,",Ea,2250000,2026-09-10 11:51:00
7201250141,SAFETY EQUIPMENT,Jas Hujan (model jaket + celana),Ea,275000,2026-09-10 11:51:00
7201250141,SAFETY EQUIPMENT,HSE Hazard Observation card/Stop Card,Rim,1000000,2026-09-10 11:51:00
7201250141,SAFETY EQUIPMENT,"Senter Kepala Led High Luminance, 3 baterai AAA",AU,250000,2026-09-10 11:51:00
7201250141,WATER SUPPLAY,Supply air (pemboran dan/ atau wellservices),AU,75000,2026-09-10 11:51:00
7201250141,JASA MOBILISASI,Supply air (pemboran dan/ atau wellservices),AU,75000,2026-09-10 11:51:00
7201250141,JASA MOBILISASI,Supply air (pemboran dan/ atau wellservices),m3,75000,2026-09-10 11:51:00
7201250141,WATER SUPPLAY,Supply air (pemboran dan/ atau wellservices),m3,75000,2026-09-10 11:51:00
7201250141,WATER SUPPLAY,Pembuatan sumur bor untuk air bersih/ air tawar,AU,10000000,2026-09-10 11:51:00
7201250141,WATER SUPPLAY,Domestic or semi industrial water pump,Month,5000000,2026-09-10 11:51:00
7201250141,WATER SUPPLAY,"Heavy duty centrifugal pump minimum 200 gpm  c/w diesel engine and clucth, include operator",Month,30000000,2026-09-10 11:51:00
7201250141,WATER SUPPLAY,"Duplex pump minimum 200 gpm  c/w diesel engine and clucth, include operator",Month,30000000,2026-09-10 11:51:00
7201250141,WATER SUPPLAY,"Water pipeline supply, 3-1/2""",m,500000,2026-09-10 11:51:00
7201250141,WATER SUPPLAY,"Water pipeline supply, 3-1/2""",m,500000,2026-09-10 11:51:00
7201250141,MEDICAL SYSTEM,Ambulance c/w Paramedic & Driver,m,65000000,2026-09-10 11:51:00
7201250141,MEDICAL SYSTEM,Ambulance c/w Paramedic & Driver,Month,65000000,2026-09-10 11:51:00
7201250141,CAR & TANSPORTATION,"Double cabin 4x4, diesel engine + driver + BBM,",Day,1600000,2026-09-10 11:51:00
7201250141,CAR & TANSPORTATION,"Station wagon 7 seater diesel engine + driver + BBM,",Day,1600000,2026-09-10 11:51:00
7201250141,LAND TRANSPORTATION,"trailer 20' atau tronton 15 ton, call out, Luwuk - CPP Senoro  atau sebaliknya c/w BBM & driver",Day,6900000,2026-09-10 11:51:00
7201250141,LAND TRANSPORTATION,"trailer 20' atau tronton 15 ton, call out, Luwuk - CPP Senoro  atau sebaliknya c/w BBM & driver",Day,6900000,2026-09-10 11:51:00
7201250141,LAND TRANSPORTATION,"trailer 20' atau tronton 15 ton, call out, Luwuk - CPP Senoro  atau sebaliknya c/w BBM & driver",AU,6900000,2026-09-10 11:51:00
7201250141,LAND TRANSPORTATION,"trailer 20' atau tronton 15 ton, call out, Luwuk - Tankian Jetty atau sebaliknya c/w BBM & driver",AU,5290000,2026-09-10 11:51:00
7201250141,LAND TRANSPORTATION,"trailer 20' atau tronton 15 ton, call out, Luwuk - Contractor's alternative jetty atau sebaliknya c/w BBM & driver",AU,5750000,2026-09-10 11:51:00
7201250141,LAND TRANSPORTATION,"trailer 20' atau tronton 15 ton, call out, Luwuk - Cluster Senoro 1 atau sebaliknya c/w BBM & driver",AU,7000000,2026-09-10 11:51:00
7201250141,LAND TRANSPORTATION,"trailer 20' atau tronton 15 ton, call out, Luwuk - Cluster Senoro 2 atau sebaliknya c/w BBM & driver",AU,7130000,2026-09-10 11:51:00
7201250141,LAND TRANSPORTATION,"trailer 20' atau tronton 15 ton, call out, Luwuk - Cluster Senoro 3 atau sebaliknya c/w BBM & driver",AU,7590000,2026-09-10 11:51:00
7201250141,LAND TRANSPORTATION,"trailer 20' atau tronton 15 ton, call out, Luwuk - Cluster Senoro 4 atau sebaliknya c/w BBM & driver",AU,7000000,2026-09-10 11:51:00
7201250141,LAND TRANSPORTATION,"trailer 20' atau tronton 15 ton, call out, Luwuk - Cluster Senoro 5 atau sebaliknya c/w BBM & driver",AU,6900000,2026-09-10 11:51:00
7201250141,LAND TRANSPORTATION,"trailer 20' atau tronton 15 ton, call out, Luwuk - Cluster Senoro 6 atau sebaliknya c/w BBM & driver",AU,7000000,2026-09-10 11:51:00
7201250141,LAND TRANSPORTATION,"trailer 20' atau tronton 15 ton, call out, Luwuk - Cluster B atau sebaliknya c/w BBM & driver",AU,8250000,2026-09-10 11:51:00
7201250141,LAND TRANSPORTATION,"trailer 20' atau tronton 15 ton, call out, Luwuk - Cluster Cendanapura 1 atau sebaliknya c/w BBM & driver",AU,7000000,2026-09-10 11:51:00
7201250141,LAND TRANSPORTATION,"trailer 20' atau tronton 15 ton, call out, Luwuk - Cluster Cendanapura 2 atau sebaliknya c/w BBM & driver",AU,7000000,2026-09-10 11:51:00
7201250141,LAND TRANSPORTATION,"trailer 20' atau tronton 15 ton, call out, Cluster Senoro 1 - Contractor's alternative jetty atau sebaliknya c/w BBM & driver",AU,5060000,2026-09-10 11:51:00
7201250141,LAND TRANSPORTATION,"trailer 20' atau tronton 15 ton, call out, Cluster Senoro 1 - Tankian Jetty atau sebaliknya c/w BBM & driver",AU,5980000,2026-09-10 11:51:00
7201250141,LAND TRANSPORTATION,"trailer 20' atau tronton 15 ton, call out, Cluster Senoro 1 - CPP Senoro atau sebaliknya c/w BBM & driver",AU,5290000,2026-09-10 11:51:00
7201250141,LAND TRANSPORTATION,"trailer 20' atau tronton 15 ton, call out, Cluster Senoro 1 - Cluster Senoro 2 atau sebaliknya c/w BBM & driver",AU,5060000,2026-09-10 11:51:00
7201250141,LAND TRANSPORTATION,"trailer 20' atau tronton 15 ton, call out, Cluster Senoro 1 - Cluster Senoro 3 atau sebaliknya c/w BBM & driver",AU,5520000,2026-09-10 11:51:00
7201250141,LAND TRANSPORTATION,"trailer 20' atau tronton 15 ton, call out, Cluster Senoro 1 - Cluster Senoro 4 atau sebaliknya c/w BBM & driver",AU,5520000,2026-09-10 11:51:00
7201250141,LAND TRANSPORTATION,"trailer 20' atau tronton 15 ton, call out, Cluster Senoro 1 - Cluster Senoro 5 atau sebaliknya c/w BBM & driver",AU,5060000,2026-09-10 11:51:00
7201250141,LAND TRANSPORTATION,"trailer 20' atau tronton 15 ton, call out, Cluster Senoro 1 - Cluster Senoro 6 atau sebaliknya c/w BBM & driver",AU,5290000,2026-09-10 11:51:00
7201250141,LAND TRANSPORTATION,"trailer 20' atau tronton 15 ton, call out, Cluster Senoro 1 - Cluster B atau sebaliknya c/w BBM & driver",AU,5980000,2026-09-10 11:51:00
7201250141,LAND TRANSPORTATION,"trailer 20"" atau tronton 15 ton, call out, Cluster Senoro 1 - Cluster Cendanapura 1 atau sebaliknya c/w BBM & driver",AU,5980000,2026-09-10 11:51:00
7201250141,LAND TRANSPORTATION,"trailer 20"" atau tronton 15 ton, call out, Cluster Senoro 1 - Cluster Cendanapura 2 atau sebaliknya c/w BBM & driver",AU,5980000,2026-09-10 11:51:00
7201250141,LAND TRANSPORTATION,"trailer 20"" atau tronton 15 ton, call out, Cluster Senoro 2 - Contractor's alternative jetty atau sebaliknya c/w BBM & driver",AU,5520000,2026-09-10 11:51:00
7201250141,LAND TRANSPORTATION,"trailer 20"" atau tronton 15 ton, call out, Cluster Senoro 2 - Tankian Jetty atau sebaliknya c/w BBM & driver",AU,6440000,2026-09-10 11:51:00
7201250141,LAND TRANSPORTATION,"trailer 20"" atau tronton 15 ton, call out, Cluster Senoro 2 - CPP Senoro atau sebaliknya c/w BBM & driver",AU,5060000,2026-09-10 11:51:00
7201250141,LAND TRANSPORTATION,"trailer 20"" atau tronton 15 ton, call out, Cluster Senoro 2 - Cluster Senoro 3 atau sebaliknya c/w BBM & driver",AU,5060000,2026-09-10 11:51:00
7201250141,LAND TRANSPORTATION,"trailer 20"" atau tronton 15 ton, call out, Cluster Senoro 2 - Cluster Senoro 4 atau sebaliknya c/w BBM & driver",AU,5290000,2026-09-10 11:51:00
7201250141,LAND TRANSPORTATION,"trailer 20"" atau tronton 15 ton, call out, Cluster Senoro 2 - Cluster Senoro 5 atau sebaliknya c/w BBM & driver",AU,5060000,2026-09-10 11:51:00
7201250141,LAND TRANSPORTATION,"trailer 20"" atau tronton 15 ton, call out, Cluster Senoro 2 - Cluster Senoro 6 atau sebaliknya c/w BBM & driver",AU,5290000,2026-09-10 11:51:00
7201250141,LAND TRANSPORTATION,"trailer 20"" atau tronton 15 ton, call out, Cluster Senoro 2 - Cluster B atau sebaliknya c/w BBM & driver",AU,6440000,2026-09-10 11:51:00
7201250141,LAND TRANSPORTATION,"trailer 20"" atau tronton 15 ton, call out, Cluster Senoro 2 - Cluster Cendanapura 1 atau sebaliknya c/w BBM & driver",AU,5520000,2026-09-10 11:51:00
7201250141,LAND TRANSPORTATION,"trailer 20"" atau tronton 15 ton, call out, Cluster Senoro 2 - Cluster Cendanapura 2 atau sebaliknya c/w BBM & driver",AU,5520000,2026-09-10 11:51:00
7201250141,LAND TRANSPORTATION,"trailer 20"" atau tronton 15 ton, call out, Cluster Senoro 3 - Contractor's alternative jetty atau sebaliknya c/w BBM & driver",AU,5520000,2026-09-10 11:51:00
7201250141,LAND TRANSPORTATION,"trailer 20"" atau tronton 15 ton, call out, Cluster Senoro 3 - Tankian Jetty atau sebaliknya c/w BBM & driver",AU,6440000,2026-09-10 11:51:00
7201250141,LAND TRANSPORTATION,"trailer 20"" atau tronton 15 ton, call out, Cluster Senoro 3 - CPP Senoro atau sebaliknya c/w BBM & driver",AU,5290000,2026-09-10 11:51:00
7201250141,LAND TRANSPORTATION,"trailer 20"" atau tronton 15 ton, call out, Cluster Senoro 3 - Cluster Senoro 4 atau sebaliknya c/w BBM & driver",AU,5290000,2026-09-10 11:51:00
7201250141,LAND TRANSPORTATION,"trailer 20"" atau tronton 15 ton, call out, Cluster Senoro 3 - Cluster Senoro 5 atau sebaliknya c/w BBM & driver",AU,5290000,2026-09-10 11:51:00
7201250141,LAND TRANSPORTATION,"trailer 20"" atau tronton 15 ton, call out, Cluster Senoro 3 - Cluster Senoro 6 atau sebaliknya c/w BBM & driver",AU,5290000,2026-09-10 11:51:00
7201250141,LAND TRANSPORTATION,"trailer 20"" atau tronton 15 ton, call out, Cluster Senoro 3 - Cluster B atau sebaliknya c/w BBM & driver",AU,5290000,2026-09-10 11:51:00
7201250141,LAND TRANSPORTATION,"trailer 20"" atau tronton 15 ton, call out, Cluster Senoro 3 - Cluster Cendanapura 1 atau sebaliknya c/w BBM & driver",AU,5290000,2026-09-10 11:51:00
7201250141,LAND TRANSPORTATION,"trailer 20"" atau tronton 15 ton, call out, Cluster Senoro 3 - Cluster Cendanapura 2 atau sebaliknya c/w BBM & driver",AU,5520000,2026-09-10 11:51:00
7201250141,LAND TRANSPORTATION,"trailer 20"" atau tronton 15 ton, call out, Cluster Senoro 4 - Tankian Jetty atau sebaliknya c/w BBM & driver",AU,6440000,2026-09-10 11:51:00
7201250141,LAND TRANSPORTATION,"trailer 20"" atau tronton 15 ton, call out, Cluster Senoro 4 - CPP Senoro atau sebaliknya c/w BBM & driver",AU,5060000,2026-09-10 11:51:00
7201250141,LAND TRANSPORTATION,"trailer 20"" atau tronton 15 ton, call out, Cluster Senoro 4 - Cluster Senoro 5 atau sebaliknya c/w BBM & driver",AU,5060000,2026-09-10 11:51:00
7201250141,LAND TRANSPORTATION,"trailer 20"" atau tronton 15 ton, call out, Cluster Senoro 4 - Cluster Senoro 6 atau sebaliknya c/w BBM & driver",AU,5290000,2026-09-10 11:51:00
7201250141,LAND TRANSPORTATION,"trailer 20"" atau tronton 15 ton, call out, Cluster Senoro 4 - Cluster B atau sebaliknya c/w BBM & driver",AU,5750000,2026-09-10 11:51:00
7201250141,LAND TRANSPORTATION,"trailer 20"" atau tronton 15 ton, call out, Cluster Senoro 4 - Cluster Cendanapura 1 atau sebaliknya c/w BBM & driver",AU,5290000,2026-09-10 11:51:00
7201250141,LAND TRANSPORTATION,"trailer 20"" atau tronton 15 ton, call out, Cluster Senoro 4 - Cluster Cendanapura 2 atau sebaliknya c/w BBM & driver",AU,5290000,2026-09-10 11:51:00
7201250141,LAND TRANSPORTATION,"trailer 20"" atau tronton 15 ton, call out, Cluster Senoro 5 - Contractor's alternative jetty atau sebaliknya c/w BBM & driver",AU,5290000,2026-09-10 11:51:00
7201250141,LAND TRANSPORTATION,"trailer 20"" atau tronton 15 ton, call out, Cluster Senoro 5 - Tankian Jetty atau sebaliknya c/w BBM & driver",AU,5290000,2026-09-10 11:51:00
7201250141,LAND TRANSPORTATION,"trailer 20"" atau tronton 15 ton, call out, Cluster Senoro 5 - Cluster Senoro 6 atau sebaliknya c/w BBM & driver",AU,5290000,2026-09-10 11:51:00
7201250141,LAND TRANSPORTATION,"trailer 20"" atau tronton 15 ton, call out, Cluster Senoro 5 - Cluster B atau sebaliknya c/w BBM & driver",AU,5520000,2026-09-10 11:51:00
7201250141,LAND TRANSPORTATION,"trailer 20"" atau tronton 15 ton, call out, Cluster Senoro 5 - Cluster Cendanapura 1 atau sebaliknya c/w BBM & driver",AU,5290000,2026-09-10 11:51:00
7201250141,LAND TRANSPORTATION,"trailer 20"" atau tronton 15 ton, call out, Cluster Senoro 5 - Cluster Cendanapura 2 atau sebaliknya c/w BBM & driver",AU,5290000,2026-09-10 11:51:00
7201250141,LAND TRANSPORTATION,"trailer 20"" atau tronton 15 ton, call out, Cluster Senoro 6 - Contractor's alternative jetty atau sebaliknya c/w BBM & driver",AU,5060000,2026-09-10 11:51:00
7201250141,LAND TRANSPORTATION,"trailer 20"" atau tronton 15 ton, call out, Cluster Senoro 6 - Tankian Jetty atau sebaliknya c/w BBM & driver",AU,5980000,2026-09-10 11:51:00
7201250141,LAND TRANSPORTATION,"trailer 20"" atau tronton 15 ton, call out, Cluster Senoro 6 - CPP Senoro atau sebaliknya c/w BBM & driver",AU,5290000,2026-09-10 11:51:00
7201250141,LAND TRANSPORTATION,"trailer 20"" atau tronton 15 ton, call out, Cluster Senoro 6 - Cluster B atau sebaliknya c/w BBM & driver",AU,5290000,2026-09-10 11:51:00
7201250141,LAND TRANSPORTATION,"trailer 20"" atau tronton 15 ton, call out, Cluster Senoro 6 - Cluster Cendanapura 1 atau sebaliknya c/w BBM & driver",AU,5290000,2026-09-10 11:51:00
7201250141,LAND TRANSPORTATION,"trailer 20"" atau tronton 15 ton, call out, Cluster Senoro 6 - Cluster Cendanapura 2 atau sebaliknya c/w BBM & driver",AU,5290000,2026-09-10 11:51:00
7201250141,LAND TRANSPORTATION,"trailer 20"" atau tronton 15 ton, call out, Cluster B - Contractor's alternative jetty atau sebaliknya c/w BBM & driver",AU,5750000,2026-09-10 11:51:00
7201250141,LAND TRANSPORTATION,"trailer 20"" atau tronton 15 ton, call out, Cluster B - Tankian Jetty atau sebaliknya c/w BBM & driver",AU,6670000,2026-09-10 11:51:00
7201250141,LAND TRANSPORTATION,"trailer 20"" atau tronton 15 ton, call out, Cluster B - CPP Senoro atau sebaliknya c/w BBM & driver",AU,5520000,2026-09-10 11:51:00
7201250141,LAND TRANSPORTATION,"trailer 20"" atau tronton 15 ton, call out, Cluster B - Cluster Cendanapura 1 atau sebaliknya c/w BBM & driver",AU,5290000,2026-09-10 11:51:00
7201250141,LAND TRANSPORTATION,"trailer 20"" atau tronton 15 ton, call out, Cluster B - Cluster Cendanapura 2 atau sebaliknya c/w BBM & driver",AU,5290000,2026-09-10 11:51:00
7201250141,LAND TRANSPORTATION,"trailer 20"" atau tronton 15 ton, call out, Cluster Cendanapura 1 - Contractor's alternative jetty atau sebaliknya c/w BBM & driver",AU,5290000,2026-09-10 11:51:00
7201250141,LAND TRANSPORTATION,"trailer 20"" atau tronton 15 ton, call out, Cluster Cendanapura 1 - Tankian Jetty atau sebaliknya c/w BBM & driver",AU,6210000,2026-09-10 11:51:00
7201250141,LAND TRANSPORTATION,"trailer 20"" atau tronton 15 ton, call out, Cluster Cendanapura 1 - CPP Senoro atau sebaliknya c/w BBM & driver",AU,5290000,2026-09-10 11:51:00
7201250141,LAND TRANSPORTATION,"trailer 20"" atau tronton 15 ton, call out, Cluster Cendanapura 1 - Cluster Cendanapura 2 atau sebaliknya c/w BBM & driver",AU,5290000,2026-09-10 11:51:00
7201250141,LAND TRANSPORTATION,"trailer 20"" atau tronton 15 ton, call out, Cluster Cendanapura 2 - Contractor's alternative jetty atau sebaliknya c/w BBM & driver",AU,5290000,2026-09-10 11:51:00
7201250141,LAND TRANSPORTATION,"trailer 20"" atau tronton 15 ton, call out, Cluster Cendanapura 2 - Tankian Jetty atau sebaliknya c/w BBM & driver",AU,6210000,2026-09-10 11:51:00
7201250141,LAND TRANSPORTATION,"trailer 20"" atau tronton 15 ton, call out, Cluster Cendanapura 2 - CPP Senoro atau sebaliknya c/w BBM & driver",AU,5290000,2026-09-10 11:51:00
7201250141,LAND TRANSPORTATION,"trailer 20"" atau tronton 15 ton, call out, Contractor's alternative jetty - Tankian Jetty atau sebaliknya c/w BBM & driver",AU,5290000,2026-09-10 11:51:00
7201250141,LAND TRANSPORTATION,"trailer 20"" atau tronton 15 ton, call out, Contractor's alternative jetty - CPP Senoro atau sebaliknya c/w BBM & driver",AU,5290000,2026-09-10 11:51:00
7201250141,LAND TRANSPORTATION,"trailer 20"" atau tronton 15 ton, call out, Tankian Jetty - CPP Senoro atau sebaliknya c/w BBM & driver",AU,5520000,2026-09-10 11:51:00
7201250141,LAND TRANSPORTATION,"trailer 40"" atau tronton 15 ton, call out, Luwuk - CPP Senoro  atau sebaliknya c/w BBM & driver",AU,8165000,2026-09-10 11:51:00
7201250141,LAND TRANSPORTATION,"trailer 40"" atau tronton 15 ton, call out, Luwuk - Tankian  Jetty atau sebaliknya c/w BBM & driver",AU,6555000,2026-09-10 11:51:00
7201250141,LAND TRANSPORTATION,"trailer 40"" atau tronton 15 ton, call out, Luwuk - Contractor's alternative jetty atau sebaliknya c/w BBM & driver",AU,7015000,2026-09-10 11:51:00
7201250141,LAND TRANSPORTATION,"trailer 40"" atau tronton 15 ton, call out, Luwuk - Cluster Senoro 1 atau sebaliknya c/w BBM & driver",AU,8250000,2026-09-10 11:51:00
7201250141,LAND TRANSPORTATION,"trailer 40"" atau tronton 15 ton, call out, Luwuk - Cluster Senoro 2 atau sebaliknya c/w BBM & driver",AU,8250000,2026-09-10 11:51:00
7201250141,LAND TRANSPORTATION,"trailer 40"" atau tronton 15 ton, call out, Luwuk - Cluster Senoro 3 atau sebaliknya c/w BBM & driver",AU,8250000,2026-09-10 11:51:00
7201250141,LAND TRANSPORTATION,"trailer 40"" atau tronton 15 ton, call out, Luwuk - Cluster Senoro 4 atau sebaliknya c/w BBM & driver",AU,8250000,2026-09-10 11:51:00
7201250141,LAND TRANSPORTATION,"trailer 40"" atau tronton 15 ton, call out, Luwuk - Cluster Senoro 5 atau sebaliknya c/w BBM & driver",AU,8165000,2026-09-10 11:51:00
7201250141,LAND TRANSPORTATION,"trailer 40"" atau tronton 15 ton, call out, Luwuk - Cluster Senoro 6 atau sebaliknya c/w BBM & driver",AU,8250000,2026-09-10 11:51:00
7201250141,LAND TRANSPORTATION,"trailer 40"" atau tronton 15 ton, call out, Luwuk - Cluster B atau sebaliknya c/w BBM & driver",AU,9500000,2026-09-10 11:51:00
7201250141,LAND TRANSPORTATION,"trailer 20"" atau tronton 15 ton, call out, Luwuk - Cluster Cendanapura 1 atau sebaliknya c/w BBM & driver",AU,8250000,2026-09-10 11:51:00
7201250141,LAND TRANSPORTATION,"trailer 20"" atau tronton 15 ton, call out, Luwuk - Cluster Cendanapura 2 atau sebaliknya c/w BBM & driver",AU,8250000,2026-09-10 11:51:00
7201250141,LAND TRANSPORTATION,"trailer 40"" atau tronton 15 ton, call out, Cluster Senoro 1 - Contractor's alternative jetty atau sebaliknya c/w BBM & driver",AU,6325000,2026-09-10 11:51:00
7201250141,LAND TRANSPORTATION,"trailer 40"" atau tronton 15 ton, call out, Cluster Senoro 1 - Tankian Jetty atau sebaliknya c/w BBM & driver",AU,6555000,2026-09-10 11:51:00
7201250141,LAND TRANSPORTATION,"trailer 40"" atau tronton 15 ton, call out, Cluster Senoro 1 - Cluster Senoro 2 atau sebaliknya c/w BBM & driver",AU,6325000,2026-09-10 11:51:00
7201250141,LAND TRANSPORTATION,"trailer 40"" atau tronton 15 ton, call out, Cluster Senoro 1 - Cluster Senoro 3 atau sebaliknya c/w BBM & driver",AU,6785000,2026-09-10 11:51:00
7201250141,LAND TRANSPORTATION,"trailer 40"" atau tronton 15 ton, call out, Cluster Senoro 1 - Cluster Senoro 4 atau sebaliknya c/w BBM & driver",AU,6785000,2026-09-10 11:51:00
7201250141,LAND TRANSPORTATION,"trailer 40"" atau tronton 15 ton, call out, Cluster Senoro 1 - Cluster Senoro 5 atau sebaliknya c/w BBM & driver",AU,6325000,2026-09-10 11:51:00
7201250141,LAND TRANSPORTATION,"trailer 40"" atau tronton 15 ton, call out, Cluster Senoro 1 - Cluster Senoro 6 atau sebaliknya c/w BBM & driver",AU,6555000,2026-09-10 11:51:00
7201250141,LAND TRANSPORTATION,"trailer 40"" atau tronton 15 ton, call out, Cluster Senoro 1 - Cluster B atau sebaliknya c/w BBM & driver",AU,7245000,2026-09-10 11:51:00
7201250141,LAND TRANSPORTATION,"trailer 40"" atau tronton 15 ton, call out, Cluster Senoro 1 - Cluster Cendanapura 1 atau sebaliknya c/w BBM & driver",AU,7245000,2026-09-10 11:51:00
7201250141,LAND TRANSPORTATION,"trailer 40"" atau tronton 15 ton, call out, Cluster Senoro 1 - Cluster Cendanapura 2 atau sebaliknya c/w BBM & driver",AU,7245000,2026-09-10 11:51:00
7201250141,LAND TRANSPORTATION,"trailer 40"" atau tronton 15 ton, call out, Cluster Senoro 2 - Contractor's alternative jetty atau sebaliknya c/w BBM & driver",AU,6785000,2026-09-10 11:51:00
7201250141,LAND TRANSPORTATION,"trailer 40"" atau tronton 15 ton, call out, Cluster Senoro 2 - Tankian Jetty atau sebaliknya c/w BBM & driver",AU,7705000,2026-09-10 11:51:00
7201250141,LAND TRANSPORTATION,"trailer 40"" atau tronton 15 ton, call out, Cluster Senoro 2 - CPP Senoro atau sebaliknya c/w BBM & driver",AU,6325000,2026-09-10 11:51:00
7201250141,LAND TRANSPORTATION,"trailer 40"" atau tronton 15 ton, call out, Cluster Senoro 2 - Cluster Senoro 3 atau sebaliknya c/w BBM & driver",AU,6325000,2026-09-10 11:51:00
7201250141,LAND TRANSPORTATION,"trailer 40"" atau tronton 15 ton, call out, Cluster Senoro 2 - Cluster Senoro 4 atau sebaliknya c/w BBM & driver",AU,6555000,2026-09-10 11:51:00
7201250141,LAND TRANSPORTATION,"trailer 40"" atau tronton 15 ton, call out, Cluster Senoro 2 - Cluster Senoro 5 atau sebaliknya c/w BBM & driver",AU,6325000,2026-09-10 11:51:00
7201250141,LAND TRANSPORTATION,"trailer 40"" atau tronton 15 ton, call out, Cluster Senoro 2 - Cluster Senoro 6 atau sebaliknya c/w BBM & driver",AU,6555000,2026-09-10 11:51:00
7201250141,LAND TRANSPORTATION,"trailer 40"" atau tronton 15 ton, call out, Cluster Senoro 2 - Cluster B atau sebaliknya c/w BBM & driver",AU,7705000,2026-09-10 11:51:00
7201250141,LAND TRANSPORTATION,"trailer 40"" atau tronton 15 ton, call out, Cluster Senoro 2 - Cluster Cendanapura 1 atau sebaliknya c/w BBM & driver",AU,6785000,2026-09-10 11:51:00
7201250141,LAND TRANSPORTATION,"trailer 40"" atau tronton 15 ton, call out, Cluster Senoro 2 - Cluster Cendanapura 2 atau sebaliknya c/w BBM & driver",AU,6785000,2026-09-10 11:51:00
7201250141,LAND TRANSPORTATION,"trailer 40"" atau tronton 15 ton, call out, Cluster Senoro 3 - Contractor's alternative jetty atau sebaliknya c/w BBM & driver",AU,6785000,2026-09-10 11:51:00
7201250141,LAND TRANSPORTATION,"trailer 40"" atau tronton 15 ton, call out, Cluster Senoro 3 - Tankian Jetty atau sebaliknya c/w BBM & driver",AU,7705000,2026-09-10 11:51:00
7201250141,LAND TRANSPORTATION,"ttrailer 40"" atau tronton 15 ton, call out, Cluster Senoro 3 - CPP Senoro atau sebaliknya c/w BBM & driver",AU,6555000,2026-09-10 11:51:00
7201250141,LAND TRANSPORTATION,"trailer 40"" atau tronton 15 ton, call out, Cluster Senoro 3 - Cluster Senoro 4 atau sebaliknya c/w BBM & driver",AU,6555000,2026-09-10 11:51:00
7201250141,LAND TRANSPORTATION,"trailer 40"" atau tronton 15 ton, call out, Cluster Senoro 3 - Cluster Senoro 5 atau sebaliknya c/w BBM & driver",AU,6555000,2026-09-10 11:51:00
7201250141,LAND TRANSPORTATION,"trailer 40"" atau tronton 15 ton, call out, Cluster Senoro 3 - Cluster Senoro 6 atau sebaliknya c/w BBM & driver",AU,6555000,2026-09-10 11:51:00
7201250141,LAND TRANSPORTATION,"trailer 40"" atau tronton 15 ton, call out, Cluster Senoro 3 - Cluster B atau sebaliknya c/w BBM & driver",AU,6555000,2026-09-10 11:51:00
7201250141,LAND TRANSPORTATION,"trailer 40"" atau tronton 15 ton, call out, Cluster Senoro 3 - Cluster Cendanapura 1 atau sebaliknya c/w BBM & driver",AU,6555000,2026-09-10 11:51:00
7201250141,LAND TRANSPORTATION,"trailer 40"" atau tronton 15 ton, call out, Cluster Senoro 3 - Cluster Cendanapura 2 atau sebaliknya c/w BBM & driver",AU,6555000,2026-09-10 11:51:00
7201250141,LAND TRANSPORTATION,"trailer 40"" atau tronton 15 ton, call out, Cluster Senoro 4 - Contractor's alternative jetty atau sebaliknya c/w BBM & driver",AU,6785000,2026-09-10 11:51:00
7201250141,LAND TRANSPORTATION,"trailer 40"" atau tronton 15 ton, call out, Cluster Senoro 4 - Tankian Jetty atau sebaliknya c/w BBM & driver",AU,7705000,2026-09-10 11:51:00
7201250141,LAND TRANSPORTATION,"trailer 40"" atau tronton 15 ton, call out, Cluster Senoro 4 - CPP Senoro atau sebaliknya c/w BBM & driver",AU,6325000,2026-09-10 11:51:00
7201250141,LAND TRANSPORTATION,"trailer 40"" atau tronton 15 ton, call out, Cluster Senoro 4 - Cluster Senoro 5 atau sebaliknya c/w BBM & driver",AU,6325000,2026-09-10 11:51:00
7201250141,LAND TRANSPORTATION,"trailer 40"" atau tronton 15 ton, call out, Cluster Senoro 4 - Cluster Senoro 6 atau sebaliknya c/w BBM & driver",AU,6555000,2026-09-10 11:51:00
7201250141,LAND TRANSPORTATION,"trailer 40"" atau tronton 15 ton, call out, Cluster Senoro 4 - Cluster B atau sebaliknya c/w BBM & driver",AU,7015000,2026-09-10 11:51:00
7201250141,LAND TRANSPORTATION,"trailer 40"" atau tronton 15 ton, call out, Cluster Senoro 4 - Cluster Cendanapura 1 atau sebaliknya c/w BBM & driver",AU,6555000,2026-09-10 11:51:00
7201250141,LAND TRANSPORTATION,"trailer 40"" atau tronton 15 ton, call out, Cluster Senoro 4 - Cluster Cendanapura 2 atau sebaliknya c/w BBM & driver",AU,6555000,2026-09-10 11:51:00
7201250141,LAND TRANSPORTATION,"trailer 40"" atau tronton 15 ton, call out, Cluster Senoro 5 - Contractor's alternative jetty atau sebaliknya c/w BBM & driver",AU,6555000,2026-09-10 11:51:00
7201250141,LAND TRANSPORTATION,"trailer 40"" atau tronton 15 ton, call out, Cluster Senoro 5 - Tankian Jetty atau sebaliknya c/w BBM & driver",AU,6785000,2026-09-10 11:51:00
7201250141,LAND TRANSPORTATION,"trailer 40"" atau tronton 15 ton, call out, Cluster Senoro 5 - CPP Senoro atau sebaliknya c/w BBM & driver",AU,6555000,2026-09-10 11:51:00
7201250141,LAND TRANSPORTATION,"trailer 40"" atau tronton 15 ton, call out, Cluster Senoro 5 - Cluster Senoro 6 atau sebaliknya c/w BBM & driver",AU,6555000,2026-09-10 11:51:00
7201250141,LAND TRANSPORTATION,"trailer 40"" atau tronton 15 ton, call out, Cluster Senoro 5 - Cluster B atau sebaliknya c/w BBM & driver",AU,6785000,2026-09-10 11:51:00
7201250141,LAND TRANSPORTATION,"trailer 40"" atau tronton 15 ton, call out, Cluster Senoro 5 - Cluster Cendanapura 1 atau sebaliknya c/w BBM & driver",AU,6555000,2026-09-10 11:51:00
7201250141,LAND TRANSPORTATION,"trailer 40"" atau tronton 15 ton, call out, Cluster Senoro 5 - Cluster Cendanapura 2 atau sebaliknya c/w BBM & driver",AU,6555000,2026-09-10 11:51:00
7201250141,LAND TRANSPORTATION,"trailer 40"" atau tronton 15 ton, call out, Cluster Senoro 6 - Contractor's alternative jetty atau sebaliknya c/w BBM & driver",AU,6325000,2026-09-10 11:51:00
7201250141,LAND TRANSPORTATION,"trailer 40"" atau tronton 15 ton, call out, Cluster Senoro 6 - Tankian Jetty atau sebaliknya c/w BBM & driver",AU,7245000,2026-09-10 11:51:00
7201250141,LAND TRANSPORTATION,"trailer 40"" atau tronton 15 ton, call out, Cluster Senoro 6 - CPP Senoro atau sebaliknya c/w BBM & driver",AU,6555000,2026-09-10 11:51:00
7201250141,LAND TRANSPORTATION,"trailer 40"" atau tronton 15 ton, call out, Cluster Senoro 6 - Cluster B atau sebaliknya c/w BBM & driver",AU,6555000,2026-09-10 11:51:00
7201250141,LAND TRANSPORTATION,"trailer 40"" atau tronton 15 ton, call out, Cluster Senoro 6 - Cluster Cendanapura 1 atau sebaliknya c/w BBM & driver",AU,6555000,2026-09-10 11:51:00
7201250141,LAND TRANSPORTATION,"trailer 40"" atau tronton 15 ton, call out, Cluster Senoro 6 - Cluster Cendanapura 2 atau sebaliknya c/w BBM & driver",AU,6555000,2026-09-10 11:51:00
7201250141,LAND TRANSPORTATION,"trailer 40"" atau tronton 15 ton, call out, Cluster B - Contractor's alternative jetty atau sebaliknya c/w BBM & driver",AU,7015000,2026-09-10 11:51:00
7201250141,LAND TRANSPORTATION,"trailer 40"" atau tronton 15 ton, call out, Cluster B - Tankian Jetty atau sebaliknya c/w BBM & driver",AU,7935000,2026-09-10 11:51:00
7201250141,LAND TRANSPORTATION,"trailer 40"" atau tronton 15 ton, call out, Cluster B - CPP Senoro atau sebaliknya c/w BBM & driver",AU,6785000,2026-09-10 11:51:00
7201250141,LAND TRANSPORTATION,"trailer 40"" atau tronton 15 ton, call out, Cluster B - Cluster Cendanapura 1 atau sebaliknya c/w BBM & driver",AU,6555000,2026-09-10 11:51:00
7201250141,LAND TRANSPORTATION,"trailer 40"" atau tronton 15 ton, call out, Cluster B - Cluster Cendanapura 2 atau sebaliknya c/w BBM & driver",AU,6555000,2026-09-10 11:51:00
7201250141,LAND TRANSPORTATION,"trailer 40"" atau tronton 15 ton, call out, Cluster Cendanapura 1 - Contractor's alternative jetty atau sebaliknya c/w BBM & driver",AU,6555000,2026-09-10 11:51:00
7201250141,LAND TRANSPORTATION,"trailer 40"" atau tronton 15 ton, call out, Cluster Cendanapura 1 - Tankian Jetty atau sebaliknya c/w BBM & driver",AU,7475000,2026-09-10 11:51:00
7201250141,LAND TRANSPORTATION,"trailer 40"" atau tronton 15 ton, call out, Cluster Cendanapura 1 - CPP Senoro atau sebaliknya c/w BBM & driver",AU,6555000,2026-09-10 11:51:00
7201250141,LAND TRANSPORTATION,"trailer 40"" atau tronton 15 ton, call out, Cluster Cendanapura 1 - Cluster Cendanapura 2 atau sebaliknya c/w BBM & driver",AU,6555000,2026-09-10 11:51:00
7201250141,LAND TRANSPORTATION,"trailer 40"" atau tronton 15 ton, call out, Cluster Cendanapura 2 - Contractor's alternative jetty atau sebaliknya c/w BBM & driver",AU,6555000,2026-09-10 11:51:00
7201250141,LAND TRANSPORTATION,"trailer 40"" atau tronton 15 ton, call out, Cluster Cendanapura 2 - Tankian Jetty atau sebaliknya c/w BBM & driver",AU,7475000,2026-09-10 11:51:00
7201250141,LAND TRANSPORTATION,"trailer 40"" atau tronton 15 ton, call out, Cluster Cendanapura 2 - CPP Senoro atau sebaliknya c/w BBM & driver",AU,6555000,2026-09-10 11:51:00
7201250141,LAND TRANSPORTATION,"trailer 40"" atau tronton 15 ton, call out, Contractor's alternative jetty - Tankian Jetty atau sebaliknya c/w BBM & driver",AU,6555000,2026-09-10 11:51:00
7201250141,LAND TRANSPORTATION,"trailer 40"" atau tronton 15 ton, call out, Contractor's alternative jetty - CPP Senoro atau sebaliknya c/w BBM & driver",AU,6555000,2026-09-10 11:51:00
7201250141,LAND TRANSPORTATION,"trailer 40"" atau tronton 15 ton, call out, Tankian Jetty - CPP Senoro atau sebaliknya c/w BBM & driver",AU,6785000,2026-09-10 11:51:00
7201250141,LAND TRANSPORTATION,"PBM Luwuk atau Tangkiang (Barang Berbahaya/Barang Khusus), termasuk crane, buruh, administrasi pelabuhan, jasa dermaga , ea = ton/m3",Ton/M3,350000,2026-09-10 11:51:00
7201250141,LAND TRANSPORTATION,"PBM Luwuk atau Tangkiang (Barang Berbahaya/Barang Khusus), termasuk crane, buruh, administrasi pelabuhan, jasa dermaga , ea = ton/m3",Ton/M3,350000,2026-09-10 11:51:00
7201250141,LAND TRANSPORTATION,"PBM Luwuk atau Tangkiang (Barang Standard), termasuk crane, buruh, administrasi pelabuhan, jasa dermaga, ea = ton/m3",Ton/M3,300000,2026-09-10 11:51:00
7201250141,LAND TRANSPORTATION,Alternative Jetty Facilities (alternatif jetty sesuai propose Kontraktor untuk bongkar muat),Day,1500000,2026-09-10 11:51:00
7201250141,LAND TRANSPORTATION,"Bongkar - muat di lokasi jetty alternatif, termasuk  lifting equipment, crew bongkar muat , ea = ton/m3",Ton/M3,300000,2026-09-10 11:51:00
7201250141,LAND TRANSPORTATION,"Bongkar - muat di lokasi jetty alternatif, termasuk  lifting equipment, crew bongkar muat , ea = ton/m3",Ton/M3,300000,2026-09-10 11:51:00
7201250141,LAND TRANSPORTATION,"Bongkar - muat equipment dijetty alternative barang yang bergerak sendiri , ea = ton/m3",Ton/M3,200000,2026-09-10 11:51:00
7201250141,LAND TRANSPORTATION,Jasa sewa Open Yard di Jetty Alternative untuk Staging Area (minimun Ukuran 15x15 M2)/day,Day,1500000,2026-09-10 11:51:00
7201250141,LAND TRANSPORTATION,Jasa sewa CloseYard di Jetty Alternative untuk Staging Area (minimun Ukuran 15x15 M2)/day,Day,1500000,2026-09-10 11:51:00
7201250141,HEAVY TRANSPORTATION & EQUIPMENT RENTAL,Mobilisasi/ Demobilisasi crane min 70 ton to/from Company Wellsite/ Contractor base,AU,12500000,2026-09-10 11:51:00
7201250141,HEAVY TRANSPORTATION & EQUIPMENT RENTAL,Mobilisasi/ Demobilisasi crane min 50 ton to/from Company Wellsite/ Contractor base,AU,12500000,2026-09-10 11:51:00
7201250141,HEAVY TRANSPORTATION & EQUIPMENT RENTAL,Mobilisasi/ Demobilisasi Rental Equipment (forklift-loader / excavator/ Vibrator Roller/ Motor Grader/ TMC. Etc) to/from Company Wellsite/ Contractor base,AU,7500000,2026-09-10 11:51:00
7201250141,HEAVY TRANSPORTATION & EQUIPMENT RENTAL,"Mobilization/ Demobilization of Rental Equipments (Genset/ Air Compressor/ Light Tower/ Fuel Tank, etc) to/from Company Wellsite/ Contractor base",AU,7500000,2026-09-10 11:51:00
7201250141,HEAVY TRANSPORTATION & EQUIPMENT RENTAL,"crane min 70 ton, call out, (hanya unit)",Day,8500000,2026-09-10 11:51:00
7201250141,HEAVY TRANSPORTATION & EQUIPMENT RENTAL,"crane min 50 ton, call out, (hanya unit)",Day,8000000,2026-09-10 11:51:00
7201250141,HEAVY TRANSPORTATION & EQUIPMENT RENTAL,"forklift-loader cap min 5 Ton, call out, (hanya unit)",Day,3500000,2026-09-10 11:51:00
7201250141,HEAVY TRANSPORTATION & EQUIPMENT RENTAL,"excavator 80-140 HP, call out, (hanya unit)",Day,3000000,2026-09-10 11:51:00
7201250141,HEAVY TRANSPORTATION & EQUIPMENT RENTAL,"Tronton Flatbed 15 ton, call out (Senoro), c/w winch + operator",Day,3000000,2026-09-10 11:51:00
7201250141,HEAVY TRANSPORTATION & EQUIPMENT RENTAL,"Vibrator Roller 5-8 T, call out, (hanya unit)",Day,2500000,2026-09-10 11:51:00
7201250141,HEAVY TRANSPORTATION & EQUIPMENT RENTAL,"Motor-Grader, call out, (hanya unit)",Day,3000000,2026-09-10 11:51:00
7201250141,HEAVY TRANSPORTATION & EQUIPMENT RENTAL,"Fire Jeep Type M,4WD,Call Out, Cap min: Water Tender up to 500L, premix foam up to 500 L, Dry Powder up to 400 Kg, c/w operators, (hanya unit)",Day,3500000,2026-09-10 11:51:00
7201250141,HEAVY TRANSPORTATION & EQUIPMENT RENTAL,"Vacuum Truck , Call out, Cap  5000 ltr c/w vacuum pump & acessories, call out, (hanya unit)",Day,2750000,2026-09-10 11:51:00
7201250141,HEAVY TRANSPORTATION & EQUIPMENT RENTAL,"Hiboy Trailer 40 Ft, Call Out, c/w operator",Day,4000000,2026-09-10 11:51:00
7201250141,HEAVY TRANSPORTATION & EQUIPMENT RENTAL,"Light / Medium truck 8T, Call Out, c/w operators",Day,2250000,2026-09-10 11:51:00
7201250141,HEAVY TRANSPORTATION & EQUIPMENT RENTAL,"Truck mounted crane,minimum capacity 5 Ton",Day,5000000,2026-09-10 11:51:00
7201250141,HEAVY TRANSPORTATION & EQUIPMENT RENTAL,"Genset, cap min 40 KVA, silent type, include maintenance",Month,50000000,2026-09-10 11:51:00
7201250141,HEAVY TRANSPORTATION & EQUIPMENT RENTAL,"Genset, cap min 80 KVA, silent type, include maintenance",Month,60000000,2026-09-10 11:51:00
7201250141,HEAVY TRANSPORTATION & EQUIPMENT RENTAL,Portable Air Compressor,Month,40000000,2026-09-10 11:51:00
7201250141,HEAVY TRANSPORTATION & EQUIPMENT RENTAL,"Light Tower & Lamp 1000 Watt, c/w cable,plug & acessories",Month,15000000,2026-09-10 11:51:00
7201250141,HEAVY TRANSPORTATION & EQUIPMENT RENTAL,"Fuel Tank cap 20 KL c/w transfer pump, hose, flow meter, and connection",Month,25000000,2026-09-10 11:51:00
7201250141,HEAVY TRANSPORTATION & EQUIPMENT RENTAL,"Survey verticality, include surveyor, transport PP, dan equipment",AU,7500000,2026-09-10 11:51:00
7201250141,HEAVY TRANSPORTATION & EQUIPMENT RENTAL,"Penyambungan HDPE/ terpaulin, include personel, transport PP, dan equipment",Day,750000,2026-09-10 11:51:00
7201250141,PENGADAAN MATERIAL,"Pengadaan Diesel Fuel & Lube Oil include Tranportir fee,",Ltr,25000,2026-09-10 11:51:00
7201250141,PENGADAAN MATERIAL,"Besi Plat 3 mm (240 x 120 cm),",Ea,1500000,2026-09-10 11:51:00
7201250141,PENGADAAN MATERIAL,"Besi Plat 2 mm,",Ea,1200000,2026-09-10 11:51:00
7201250141,PENGADAAN MATERIAL,"Cat Besi, 5kg",Ea,344500,2026-09-10 11:51:00
7201250141,PENGADAAN MATERIAL,"Cat Kayu, 5kg",Ea,344500,2026-09-10 11:51:00
7201250141,PENGADAAN MATERIAL,"Cat Tembok, 5kg",Ea,150000,2026-09-10 11:51:00
7201250141,PENGADAAN MATERIAL,Minyak Tiner,Ea,195000,2026-09-10 11:51:00
7201250141,PENGADAAN MATERIAL,"Kawat bronjong galvanis, SNI",m,37500,2026-09-10 11:51:00
7201250141,PENGADAAN MATERIAL,"Kawat Las, E-6010/ E-6011 (5 kg)",Ea,312000,2026-09-10 11:51:00
7201250141,PENGADAAN MATERIAL,Kawat Las - E-6012 (5kg),Ea,250000,2026-09-10 11:51:00
7201250141,PENGADAAN MATERIAL,Kawat Las - E-6013 (5kg),Ea,250000,2026-09-10 11:51:00
7201250141,PENGADAAN MATERIAL,Kawat Las - E-7024 (5kg),Ea,450000,2026-09-10 11:51:00
7201250141,PENGADAAN MATERIAL,Kawat Las - LB52U/E7018 (5kg),Ea,400000,2026-09-10 11:51:00
7201250141,PENGADAAN MATERIAL,"Kayu Balok, 6x12x400  Kayu kelas 1",m3,4375000,2026-09-10 11:51:00
7201250141,PENGADAAN MATERIAL,"Kayu Balok, 5x10x400 Kayu kelas 1",m3,4375000,2026-09-10 11:51:00
7201250141,PENGADAAN MATERIAL,"Kayu Balok, 6x12x400  Kayu kelas 2",m3,3125000,2026-09-10 11:51:00
7201250141,PENGADAAN MATERIAL,"Kayu Balok, 6x12x400  Kayu kelas 2",m3,3125000,2026-09-10 11:51:00
7201250141,PENGADAAN MATERIAL,Kayu Reng 2x3x400 Kayu kelas 1,m3,4375000,2026-09-10 11:51:00
7201250141,PENGADAAN MATERIAL,"Kayu Kaso/lata, 4x6x400 Kayu kelas 1",m3,4375000,2026-09-10 11:51:00
7201250141,PENGADAAN MATERIAL,"Kayu Kaso/lata, 5x5x400 Kayu kelas 1",m3,4375000,2026-09-10 11:51:00
7201250141,PENGADAAN MATERIAL,Kayu Reng 2x3x400 Kayu kelas 2,m3,3125000,2026-09-10 11:51:00
7201250141,PENGADAAN MATERIAL,"Kayu Kaso/lata, 4x6x400 Kayu kelas 2",m3,3125000,2026-09-10 11:51:00
7201250141,PENGADAAN MATERIAL,"Kayu Kaso/lata, 5x5x400 Kayu kelas 2",m3,3125000,2026-09-10 11:51:00
7201250141,PENGADAAN MATERIAL,"Kayu Papan, 2x20x400 Kayu kelas 1",m3,4375000,2026-09-10 11:51:00
7201250141,PENGADAAN MATERIAL,"Kayu Papan, 3x20x400 Kayu kelas 1",m3,4375000,2026-09-10 11:51:00
7201250141,PENGADAAN MATERIAL,"Kayu Papan, 2x20x400 Kayu kelas 2",m3,3125000,2026-09-10 11:51:00
7201250141,PENGADAAN MATERIAL,"Kayu Papan, 3x20x400 Kayu kelas 2",m3,3125000,2026-09-10 11:51:00
7201250141,PENGADAAN MATERIAL,"Kuas 2""",Ea,19500,2026-09-10 11:51:00
7201250141,PENGADAAN MATERIAL,"Kuas 3""",Ea,26250,2026-09-10 11:51:00
7201250141,PENGADAAN MATERIAL,"Pipa Besi 1,5""x2mmx 6meter,",Ea,562500,2026-09-10 11:51:00
7201250141,PENGADAAN MATERIAL,"Pipa Besi 2""x2mmx6 meter,",Ea,812000,2026-09-10 11:51:00
7201250141,PENGADAAN MATERIAL,"Pipa Besi 2""x2mmx6 meter, Pipa Galvanis ukuran 1""",m,312500,2026-09-10 11:51:00
7201250141,PENGADAAN MATERIAL,"Pipa PVC AW 2""  (4m)",Ea,243750,2026-09-10 11:51:00
7201250141,PENGADAAN MATERIAL,"Pipa PVC AW 1/2"" (4m)",Ea,55500,2026-09-10 11:51:00
7201250141,PENGADAAN MATERIAL,"Pipa PVC AW 3/4"" (4m)",Ea,72000,2026-09-10 11:51:00
7201250141,PENGADAAN MATERIAL,"Pipa PVC AW 1"" (4m)",Ea,75000,2026-09-10 11:51:00
7201250141,PENGADAAN MATERIAL,"Pipa PVC AW 4"" (4m)",Ea,500000,2026-09-10 11:51:00
7201250141,PENGADAAN MATERIAL,"Pipa PVC AW 6"" (4m)",Ea,950000,2026-09-10 11:51:00
7201250141,PENGADAAN MATERIAL,"Pipa PVC AW 3""",Ea,250000,2026-09-10 11:51:00
7201250141,PENGADAAN MATERIAL,"Pipa PVC AW 1 1/2""",Ea,122500,2026-09-10 11:51:00
7201250141,PENGADAAN MATERIAL,"Knee PVC 2""",Ea,22500,2026-09-10 11:51:00
7201250141,PENGADAAN MATERIAL,"Knee PVC 1/2""",Ea,4500,2026-09-10 11:51:00
7201250141,PENGADAAN MATERIAL,"Knee PVC 3/4""",Ea,6000,2026-09-10 11:51:00
7201250141,PENGADAAN MATERIAL,"Knee PVC 1""",Ea,7500,2026-09-10 11:51:00
7201250141,PENGADAAN MATERIAL,"Knee PVC 4""",Ea,73125,2026-09-10 11:51:00
7201250141,PENGADAAN MATERIAL,"Knee PVC 6""",Ea,62500,2026-09-10 11:51:00
7201250141,PENGADAAN MATERIAL,"Knee PVC 3""",Ea,22500,2026-09-10 11:51:00
7201250141,PENGADAAN MATERIAL,"Knee PVC 1 1/2""",Ea,12000,2026-09-10 11:51:00
7201250141,PENGADAAN MATERIAL,"Tee  PVC 2""",Ea,62500,2026-09-10 11:51:00
7201250141,PENGADAAN MATERIAL,"Tee PVC 1/2""",Ea,6000,2026-09-10 11:51:00
7201250141,PENGADAAN MATERIAL,"Tee PVC 3/4""",Ea,37500,2026-09-10 11:51:00
7201250141,PENGADAAN MATERIAL,"Tee PVC 1""",Ea,10000,2026-09-10 11:51:00
7201250141,PENGADAAN MATERIAL,"Tee PVC 4""",Ea,93750,2026-09-10 11:51:00
7201250141,PENGADAAN MATERIAL,"Tee PVC 6""",Ea,112500,2026-09-10 11:51:00
7201250141,PENGADAAN MATERIAL,"Tee PVC 3""",Ea,21250,2026-09-10 11:51:00
7201250141,PENGADAAN MATERIAL,"Tee PVC 1 1/2""",Ea,12500,2026-09-10 11:51:00
7201250141,PENGADAAN MATERIAL,Lem pipa PVC,Ea,75000,2026-09-10 11:51:00
7201250141,PENGADAAN MATERIAL,Seal tape,Ea,10000,2026-09-10 11:51:00
7201250141,PENGADAAN MATERIAL,"Sock Drat luar PVC 1""",Ea,13000,2026-09-10 11:51:00
7201250141,PENGADAAN MATERIAL,"Sock Drat luar PVC 1/2""",Ea,10000,2026-09-10 11:51:00
7201250141,PENGADAAN MATERIAL,"Sock Operan 1"" ke 3/4""",Ea,12000,2026-09-10 11:51:00
7201250141,PENGADAAN MATERIAL,"Sock Operan 1-1/2"" - 2""",Ea,28750,2026-09-10 11:51:00
7201250141,PENGADAAN MATERIAL,"Sock PVC 2""",Ea,28750,2026-09-10 11:51:00
7201250141,PENGADAAN MATERIAL,"Sock PVC 3/4""",Ea,10000,2026-09-10 11:51:00
7201250141,PENGADAAN MATERIAL,"Sock PVC 4""",Ea,50000,2026-09-10 11:51:00
7201250141,PENGADAAN MATERIAL,Plastik   rope 6 mm,Ea,156250,2026-09-10 11:51:00
7201250141,PENGADAAN MATERIAL,"kran 1/2""",Ea,31250,2026-09-10 11:51:00
7201250141,PENGADAAN MATERIAL,"kran 3/4""",Ea,43750,2026-09-10 11:51:00
7201250141,PENGADAAN MATERIAL,"stop kran 1/2""",Ea,18750,2026-09-10 11:51:00
7201250141,PENGADAAN MATERIAL,"stop kran 3/4""",Ea,25000,2026-09-10 11:51:00
7201250141,PENGADAAN MATERIAL,Tawas,Ea,20000,2026-09-10 11:51:00
7201250141,PENGADAAN MATERIAL,HDPE Geomembrane 0.75mm,Ea,70000,2026-09-10 11:51:00
7201250141,PENGADAAN MATERIAL,Terpaulin A12,Ea,31250,2026-09-10 11:51:00
7201250141,PENGADAAN MATERIAL,Thinner @ 5 Ltr,Ea,181250,2026-09-10 11:51:00
7201250141,PENGADAAN MATERIAL,Pasir,m3,293750,2026-09-10 11:51:00
7201250141,PENGADAAN MATERIAL,Semen PC 50 kg,Ea,120000,2026-09-10 11:51:00
7201250141,PENGADAAN MATERIAL,Batu Split 3-5 atau 5-7,m3,450000,2026-09-10 11:51:00
7201250141,PENGADAAN MATERIAL,Batu Agregate A,m3,400000,2026-09-10 11:51:00
7201250141,PENGADAAN MATERIAL,Batu Agregate B,m3,375000,2026-09-10 11:51:00
7201250141,PENGADAAN MATERIAL,Sirtu,m3,300000,2026-09-10 11:51:00
7201250141,PENGADAAN MATERIAL,Batu Kali,m3,325000,2026-09-10 11:51:00
7201250141,PENGADAAN MATERIAL,Tanah timbunan,m3,150000,2026-09-10 11:51:00
7201250141,PENGADAAN MATERIAL,Paku Zeng,Kg,50000,2026-09-10 11:51:00
7201250141,PENGADAAN MATERIAL,Paku Zeng,Kg,50000,2026-09-10 11:51:00
7201250141,PENGADAAN MATERIAL,Zeng Gelombang BJLS 0.2,Ea,75000,2026-09-10 11:51:00
7201250141,PENGADAAN MATERIAL,Paku Tripleks,Ea,50000,2026-09-10 11:51:00
7201250141,PENGADAAN MATERIAL,"Batu Bata,",Ea,2000,2026-09-10 11:51:00
7201250141,PENGADAAN MATERIAL,Paving Block,Ea,7000,2026-09-10 11:51:00
7201250141,PENGADAAN MATERIAL,Baja Ringan C75 0.75mm @ 6 meter,Ea,150000,2026-09-10 11:51:00
7201250141,PENGADAAN MATERIAL,Spandex thk. 0.3mm @6m,Ea,300000,2026-09-10 11:51:00
7201250141,PENGADAAN MATERIAL,Bubungan Spandex 0.3mm @3 m,Ea,93750,2026-09-10 11:51:00
7201250141,PENGADAAN MATERIAL,Baut baja ringan,Kg,162500,2026-09-10 11:51:00
7201250141,PENGADAAN MATERIAL,Besi 10mm SNI,Ea,118750,2026-09-10 11:51:00
7201250141,PENGADAAN MATERIAL,Besi 13mm SNI,Ea,250000,2026-09-10 11:51:00
7201250141,PENGADAAN MATERIAL,Kawat bendrat,Kg,31250,2026-09-10 11:51:00
7201250141,PENGADAAN MATERIAL,Cangkul,Ea,93750,2026-09-10 11:51:00
7201250141,PENGADAAN MATERIAL,Skop,Ea,93750,2026-09-10 11:51:00
7201250141,PENGADAAN MATERIAL,Sendok adukan,Ea,37500,2026-09-10 11:51:00
7201250141,PENGADAAN MATERIAL,Jarum karung,Ea,6250,2026-09-10 11:51:00
7201250141,PENGADAAN MATERIAL,Tali Rafia rope,Kg,31250,2026-09-10 11:51:00
7201250141,PENGADAAN MATERIAL,Meteran @5m,Ea,37500,2026-09-10 11:51:00
7201250141,PENGADAAN MATERIAL,Pompa air,Ea,1875000,2026-09-10 11:51:00
7201250141,PENGADAAN MATERIAL,Foot valve/klep,Ea,125000,2026-09-10 11:51:00
7201250141,PENGADAAN MATERIAL,Kabel 2x1.5mm NYA/NYM @50m,Roll,712500,2026-09-10 11:51:00
7201250141,PENGADAAN MATERIAL,Kabel 2x1.5mm NYA/NYM @50m,Roll,712500,2026-09-10 11:51:00
7201250141,PENGADAAN MATERIAL,Isolasi kabel,Ea,22500,2026-09-10 11:51:00
7201250141,PENGADAAN MATERIAL,Gembok kunci,Ea,60033,2026-09-10 11:51:00
7201250141,ADDITIONAL CAMP SERVICES,"Fogging Harga termasuk personil, kebutuhan transportasi dari/ke lokasi pemboran serta PPE personil",AU,1000000,2026-09-10 11:51:00
7201250141,ADDITIONAL CAMP SERVICES,Mobilization/ Demobilization 40 ft Additional Camp to/from Company Wellsite/ Contractor base,AU,7600000,2026-09-10 11:51:00
7201250141,ADDITIONAL CAMP SERVICES,Mobilization/ Demobilization 20 ft Additional Camp to/from Company Wellsite/ Contractor base,AU,7500000,2026-09-10 11:51:00
7201250141,ADDITIONAL CAMP SERVICES,"Portacamp - Living camp,ukuran 40FT (4 sleepers)",Month,17500000,2026-09-10 11:51:00
7201250141,ADDITIONAL CAMP SERVICES,"Portacamp - Living camp,ukuran 40FT (8 sleepers)",Month,20000000,2026-09-10 11:51:00
7201250141,ADDITIONAL CAMP SERVICES,"Portacamp - Living camp,  ukuran 20FT (4 sleepers)",Month,10000000,2026-09-10 11:51:00
7201250141,ADDITIONAL CAMP SERVICES,"Portacamp - Dining room, ukuran 20FT",Month,7500000,2026-09-10 11:51:00
7201250141,ADDITIONAL CAMP SERVICES,Portacamp - Kitchen ukuran 40FT,Month,10000000,2026-09-10 11:51:00
7201250141,ADDITIONAL CAMP SERVICES,"Portacamp - Office Camp,  ukuran 40 FT",Month,25000000,2026-09-10 11:51:00
7201250141,ADDITIONAL CAMP SERVICES,"Food & beverage, main course",Ea,65000,2026-09-10 11:51:00
7201250141,ADDITIONAL CAMP SERVICES,"Food & beverage, snack coffee/ tea & desert",Ea,33000,2026-09-10 11:51:00
7201250141,ADDITIONAL CAMP SERVICES,Laundry services,Kg,25000,2026-09-10 11:51:00
7201250141,PERSONEL ON CALL,"Personnel GS in-charge di lokasi pemboran/ wellservices/ workover, personnel in charge",Kg,750000,2026-09-10 11:51:00
7201250141,PERSONEL ON CALL,"Personnel GS in-charge di lokasi pemboran/ wellservices/ workover, personnel in charge",man-days,750000,2026-09-10 11:51:00
7201250141,PERSONEL ON CALL,"Personnel GS in-charge di lokasi pemboran/ wellservices/ workover, personnel in charge",man-days,750000,2026-09-10 11:51:00
7201250141,PERSONEL ON CALL,Helper Local (non Skilled),man-days,250000,2026-09-10 11:51:00
7201250141,PERSONEL ON CALL,Helper Local (Skilled),man-days,350000,2026-09-10 11:51:00
7201250141,PERSONEL ON CALL,Security - Local personnel,man-days,275000,2026-09-10 11:51:00
7201250141,PERSONEL ON CALL,Welder (GTAW),man-days,500000,2026-09-10 11:51:00
7201250141,PERSONEL ON CALL,Welder (SMAW),man-days,500000,2026-09-10 11:51:00
7201250141,PERSONEL ON CALL,Welder (Non Categories),man-days,325000,2026-09-10 11:51:00
7201250141,PERSONEL ON CALL,Operator Crane,man-days,750000,2026-09-10 11:51:00
7201250141,PERSONEL ON CALL,Rigger,man-days,650000,2026-09-10 11:51:00
7201250141,PERSONEL ON CALL,Operator Heavy Equipment (Motor Grader),man-days,500000,2026-09-10 11:51:00
7201250141,PERSONEL ON CALL,Operator Heavy Equipment ( Excavator),man-days,500000,2026-09-10 11:51:00
7201250141,PERSONEL ON CALL,Operator Heavy Equipment ( Vibro Compactor),man-days,500000,2026-09-10 11:51:00
7201250141,PERSONEL ON CALL,Operator Heavy Equipment (Fire Jeep),man-days,500000,2026-09-10 11:51:00
7201250141,PERSONEL ON CALL,Operator Heavy Equipment (Vacuum Truck),man-days,500000,2026-09-10 11:51:00
7201250141,PERSONEL ON CALL,Operator Heavy Equipment (Forklift),man-days,500000,2026-09-10 11:51:00
7201250141,PERSONEL ON CALL,Mechanic/ Electrician,man-days,600000,2026-09-10 11:51:00
7201250141,MOVING AIR FREIGHT TRANSPORT,Jabodetabek - Palembang/Lematang atau sebaliknya,Kg,150000,2026-09-10 11:51:00
7201250141,MOVING AIR FREIGHT TRANSPORT,Jabodetabek - Luwuk/ Senoro atau sebaliknya,Kg,200000,2026-09-10 11:51:00
7201250141,MOVING AIR FREIGHT TRANSPORT,Jabodetabek - Balikpapan atau sebaliknya,Kg,175000,2026-09-10 11:51:00
7201250141,MOVING AIR FREIGHT TRANSPORT,Jabodetabek - Batam atau sebaliknya,Kg,125000,2026-09-10 11:51:00
7201250141,MOVING AIR FREIGHT TRANSPORT,Batam - Luwuk/ Senoro atau sebaliknya,Kg,150000,2026-09-10 11:51:00
7201250141,MOVING AIR FREIGHT TRANSPORT,Balikpapan - Luwuk/ Senoro atau sebaliknya,Kg,200000,2026-09-10 11:51:00
7201250141,MOVING AIR FREIGHT TRANSPORT,Balikpapan - Batam atau sebaliknya,Kg,200000,2026-09-10 11:51:00
7201250141,MOVING AIR FREIGHT TRANSPORT,Surabaya - Luwuk/ Senoro atau sebaliknya,Kg,150000,2026-09-10 11:51:00
7201250141,MOVING AIR FREIGHT TRANSPORT,Surabaya - Balikpapan atau sebaliknya,Kg,100000,2026-09-10 11:51:00
7201250141,MOVING AIR FREIGHT TRANSPORT,Surabaya - Batam atau sebaliknya,Kg,100000,2026-09-10 11:51:00
7201250141,MOVING AIR FREIGHT TRANSPORT,Surabaya - Jabodetabek atau sebaliknya,Kg,125000,2026-09-10 11:51:00
7201250141,MOVING AIR FREIGHT TRANSPORT,"Jasa repacking for Airfreight, estimasi ukuran pallet 100x100x100 cm",Pallet,250000,2026-09-10 11:51:00
7201250141,MOVING SEA FREIGHT TRANSPORT,"Jabodetabek - Palembang/Lematang atau sebaliknya, AU = max 20 ton ( 20,000 kg atau 1 Kontainer 20 feet)",Kg,20000000,2026-09-10 11:51:00
7201250141,MOVING SEA FREIGHT TRANSPORT,"Jabodetabek - Palembang/Lematang atau sebaliknya, AU = max 20 ton ( 20,000 kg atau 1 Kontainer 20 feet)",AU,20000000,2026-09-10 11:51:00
7201250141,MOVING SEA FREIGHT TRANSPORT,"Jabodetabek - Luwuk/ Senoro atau sebaliknya, AU = max 20 ton ( 20,000 kg atau 1 Kontainer 20 feet)",AU,50000000,2026-09-10 11:51:00
7201250141,MOVING SEA FREIGHT TRANSPORT,"Jabodetabek - Balikpapan atau sebaliknya, AU = max 20 ton ( 20,000 kg atau 1 Kontainer 20 feet)",AU,28000000,2026-09-10 11:51:00
7201250141,MOVING SEA FREIGHT TRANSPORT,"Jabodetabek - Batam atau sebaliknya, AU = max 20 ton ( 20,000 kg atau 1 Kontainer 20 feet)",AU,22400000,2026-09-10 11:51:00
7201250141,MOVING SEA FREIGHT TRANSPORT,"Jabodetabek - Surabaya atau sebaliknya, AU = max 20 ton ( 20,000 kg atau 1 Kontainer 20 feet)",AU,15400000,2026-09-10 11:51:00
7201250141,MOVING SEA FREIGHT TRANSPORT,"Batam - Luwuk/ Senoro atau sebaliknya, AU = max 20 ton ( 20,000 kg atau 1 Kontainer 20 feet)",AU,32200000,2026-09-10 11:51:00
7201250141,MOVING SEA FREIGHT TRANSPORT,"Balikpapan - Luwuk/ Senoro atau sebaliknya, AU = max 20 ton ( 20,000 kg atau 1 Kontainer 20 feet)",AU,29400000,2026-09-10 11:51:00
7201250141,MOVING SEA FREIGHT TRANSPORT,"Balikpapan - Batam atau sebaliknya, AU = max 20 ton ( 20,000 kg atau 1 Kontainer 20 feet)",AU,59000000,2026-09-10 11:51:00
7201250141,MOVING SEA FREIGHT TRANSPORT,"Surabaya - Luwuk/ Senoro atau sebaliknya, AU = max 20 ton ( 20,000 kg atau 1 Kontainer 20 feet)",AU,22400000,2026-09-10 11:51:00
7201250141,MOVING SEA FREIGHT TRANSPORT,"Surabaya - Balikpapanatau sebaliknya, AU = max 20 ton ( 20,000 kg atau 1 Kontainer 20 feet)",AU,27300000,2026-09-10 11:51:00
7201250141,MOVING SEA FREIGHT TRANSPORT,"Surabaya - Batam atau sebaliknya, AU = max 20 ton ( 20,000 kg atau 1 Kontainer 20 feet)",AU,27300000,2026-09-10 11:51:00
7201250141,MOVING SEA FREIGHT TRANSPORT,"Jasa repacking for Seafreight, estimasi ukuran pallet 100x100x100 cm",Pallet,1000000,2026-09-10 11:51:00
7201250141,ESTIMATED SUM,Aqua 600 ml,Ea,7500,2026-09-10 11:51:00
7201250141,ESTIMATED SUM,Aqua Galon Segel,Ea,53300,2026-09-10 11:51:00
7201250141,ESTIMATED SUM,Indocafe Coffemix Renteng,Ea,32500,2026-09-10 11:51:00
7201250141,ESTIMATED SUM,Kopi Kapal Api 380 g,Ea,84500,2026-09-10 11:51:00
7201250141,ESTIMATED SUM,Nescafe Classic renteng,Ea,26000,2026-09-10 11:51:00
7201250141,ESTIMATED SUM,Gulaku,Ea,32500,2026-09-10 11:51:00
7201250141,ESTIMATED SUM,Hand Soap,Ea,45500,2026-09-10 11:51:00
7201250141,ESTIMATED SUM,Pop Mie,Ea,9750,2026-09-10 11:51:00
7201250141,ESTIMATED SUM,Stella Pengharum Ruangan,Ea,31200,2026-09-10 11:51:00
7201250141,ESTIMATED SUM,Tisu Kering 200,Ea,32500,2026-09-10 11:51:00
7201250141,ESTIMATED SUM,Tisu Basah,Ea,32500,2026-09-10 11:51:00
7201250141,ESTIMATED SUM,Chitato 68 g,Ea,19500,2026-09-10 11:51:00
7201250141,ESTIMATED SUM,Pocari Sweat,Ea,13000,2026-09-10 11:51:00
7201250141,ESTIMATED SUM,Teh Kotak,Ea,9750,2026-09-10 11:51:00
7201250141,ESTIMATED SUM,Susu Beruang,Ea,19500,2026-09-10 11:51:00
7201250141,ESTIMATED SUM,Fanta,Ea,9750,2026-09-10 11:51:00
7201250141,ESTIMATED SUM,Coca Cola,Ea,9750,2026-09-10 11:51:00
7201250141,ESTIMATED SUM,Coffe Nescafe Kaleng 220 ml,Ea,15600,2026-09-10 11:51:00
7201250141,ESTIMATED SUM,Roti Tawar Sari Roti,Ea,32500,2026-09-10 11:51:00
7201250141,ESTIMATED SUM,Roti Sari Roti Coklat,Ea,32500,2026-09-10 11:51:00
7201250141,ESTIMATED SUM,Roti Sari Roti Keju,Ea,32500,2026-09-10 11:51:00
7201250141,ESTIMATED SUM,"Kabel NYM 2x2,5 mm @50 mtr",Ea,1625000,2026-09-10 11:51:00
7201250141,ESTIMATED SUM,Balok Beton ukuran 40x40,Ea,325000,2026-09-10 11:51:00
7201250141,ESTIMATED SUM,Pos Sweeper  2x2 meter,Ea,19500000,2026-09-10 11:51:00
7201250141,JASA TRANSPORTASI DARI DAN KE BANDARA,Pos Sweeper  2x2 meter,Ea,19500000,2026-09-10 11:51:00
7201250141,ESTIMATED SUM,Jasa Transportasi dari dan ke Bandara Jasa transportasi menggunakan Pickup Air Port Cengkareng ke Jabodetabek dan sebaliknya,Trip,3250000,2026-09-10 11:51:00
7201250141,ESTIMATED SUM,Jasa Transportasi dari dan ke Bandara Jasa transportasi menggunakan Pickup Air Port Balikpapan ke Kota dan sebaliknya,Trip,3900000,2026-09-10 11:51:00
7201250141,ESTIMATED SUM,Jasa Transportasi dari dan ke Bandara Jasa transportasi menggunakan Pickup Air Port Balikpapan ke Kota dan sebaliknya,Trip,3900000,2026-09-10 11:51:00
7201250141,ESTIMATED SUM,Transportasi dari Surabaya ke Jabodetabek: Cold Diesel 4 Meter,Trip,5600000,2026-09-10 11:51:00
7201250141,ESTIMATED SUM,Transportasi dari Surabaya ke Jabodetabek: Cold Diesel Long 6 Meter,Trip,8400000,2026-09-10 11:51:00
7201250141,ESTIMATED SUM,Transportasi dari Surabaya ke Jabodetabek: Fuso Bak Max 6 ton,Trip,7000000,2026-09-10 11:51:00
7201250141,ESTIMATED SUM,Transportasi dari Surabaya ke Jabodetabek: Fuso 8 Meter berat Max 10 ton,Trip,9100000,2026-09-10 11:51:00
7201250141,ESTIMATED SUM,Transportasi dari Surabaya ke Jabodetabek: Wbox Max 15 ton,Trip,10500000,2026-09-10 11:51:00
7201250141,ESTIMATED SUM,Transportasi dari Surabaya ke Jabodetabek: Tronton Max 7 Meter Max 14 ton,Trip,10500000,2026-09-10 11:51:00
7201250141,ESTIMATED SUM,"Transportasi dari Surabaya ke Jabodetabek: Tronton Max 9,5 meter Max 20 ton",Trip,14000000,2026-09-10 11:51:00
7201250141,ESTIMATED SUM,Transportasi dari Surabaya ke Jabodetabek: Trailler 20 feet,Trip,14000000,2026-09-10 11:51:00
7201250141,ESTIMATED SUM,Transportasi dari Surabaya ke Jabodetabek: Trailler 40 feet,Trip,25200000,2026-09-10 11:51:00
7201250141,MOVING AIR FREIGHT TRANSPORT,"Jasa repacking for Airfreight, estimasi ukuran pallet 100x100x100 cm",Pallet,250000,2026-09-10 11:51:00
7201250141,PROVISIONAL SUM,Provisional Sum (At Cost + 15% Fee),AU,0,2026-09-10 11:51:00
7201250141,PENGADAAN MATERIAL,Aqua 600 ml,Ea,7500,2026-09-10 11:51:00
7201250141,ESTIMATED SUM,Aqua 600 ml,Ea,7500,2026-09-10 11:51:00
